,label,41_3.21,93_4.48,77_4.55,91_4.76,136_5.44,93_5.5,57_5.56,57_5.7,93_5.77,59_5.89,67_6.17,93_6.32,119_6.71,109_6.76,68_6.83,93_7.06,93_7.38,105_18.73,119_19.76,81_20.11,161_20.32,93_21.54,161_23.95,119_24.92
F01AB_1,F01,254.3075444,1889884.207,381858.4031,83572.82081,267910.8466,605232.7208,3491387.855,48219.68465,102437.3483,427075.9843,45268.00499,59575.92953,832971.5077,82734.1676,189675.1837,309013.6348,796027.7109,41666.54266,76449.53859,153999.9783,58894.99562,736140.5372,160594.6302,42968.1921
F01AB_2,F01,1028.462596,1355268.34,384651.7011,61687.23913,243192.6271,500271.1808,1540849.494,41396.18303,41426.06168,378036.0448,127696.6183,1.061978031,702198.1333,95843.55347,113280.0681,279869.0709,819998.6441,17221.07683,68374.47642,105591.8113,51267.62744,467112.8869,168985.826,8145.132723
F01AC_1,F01,6330.288882,2122050.243,360660.7444,56068.28045,334631.8237,732469.0729,1679538.398,41572.2333,1.106719354,324886.0843,258053.8122,33829.86415,466345.3406,75394.37065,157355.0793,300716.0531,852007.0684,20147.57319,73351.83018,113391.9205,78271.33846,575221.2853,211552.2175,73342.28122
F01AC_2,F01,13405.71953,1193656.507,271781.782,52803.83346,206958.7045,432312.0345,4766049.198,45677.43889,39803.48006,703464.8048,28144.73983,255253.717,435716.0929,126795.4797,217473.7536,236335.3448,858257.2316,25246.73824,77924.77437,118168.6689,86258.23401,809786.5111,234185.3314,79776.76889
F01AN_1,F01,5991.11214,2208529.136,513086.862,31160.18177,319381.4382,685857.857,2836179.81,48875.31541,90806.88625,397315.8073,307313.5508,627784.8411,676994.471,51058.53841,202641.076,304529.5101,1192202.203,53423.57231,93172.86343,113473.3117,96177.61557,852076.8266,289740.5106,41003.60855
F01AN_2,F01,5798.734455,1993067.516,368982.7132,38596.67493,344386.0448,683136.7416,1705376.952,44545.0258,20829.87021,678734.5293,287754.1673,24432.65992,443506.291,51779.99971,166613.5758,303543.9561,1171533.279,20411.7787,80584.94761,100128.6375,113740.3614,602925.5417,271309.4939,48258.76489
F01AU_1,F01,5187.386541,673762.876,151857.5013,39031.95834,122182.4711,244798.3211,3221987.384,38851.71268,117895.6842,667370.7251,71010.43305,99413.45104,174315.4149,43013.05301,86601.51635,68162.60972,63417.97788,9104.020098,24178.68848,33561.53307,21101.68323,266234.749,102489.5637,11325.72916
F01AU_2,F01,3793.372141,1265693.212,315363.5299,45550.73794,219787.0146,454163.6699,2624672.088,50313.39626,62328.24072,345982.8589,98028.72869,485181.4925,682472.4018,71101.67347,173719.8087,190228.963,581532.7614,14480.06327,59855.72225,88504.86141,56617.16495,576027.986,170490.6068,34081.54841
F01MB_1,F01,6588.160483,2271466.623,471118.5779,64033.06632,364550.1296,743904.2682,1460969.791,45133.2822,26636.23092,449285.819,185611.4135,1.064637215,609718.6742,90154.98888,188288.3996,388121.1779,920780.7057,59323.79052,128226.445,205192.0331,127470.866,647807.3104,276630.7839,105756.5186
F01MB_2,F01,1192.972834,2039047.583,481312.2886,69533.6212,329138.4034,686344.6884,2281360.1,40030.28531,36055.74762,506043.5013,313107.5839,599118.5617,451366.7725,82045.33387,194586.7104,354285.1541,1122913.279,56458.38663,91532.312,169773.4116,93535.38916,884787.0978,275250.696,88165.73587
F01MC_1,F01,9550.229711,1097006.676,269635.3031,48255.53191,151446.1924,358610.9244,2495063.363,35617.50801,184834.3584,657743.307,66528.62808,269668.8543,350060.8837,55331.80721,116963.8058,112697.494,159838.9488,18059.29519,51374.61155,65062.67848,70985.46109,661555.5022,217185.9158,37162.61288
F01MC_2,F01,7012.323405,2019579.456,438673.4635,55806.26609,314871.5654,684213.1473,2369374.461,42941.64871,18185.72339,367055.6805,278877.3428,46775.53029,683850.9651,65082.33463,187768.3529,266819.3835,1042007.162,48966.61536,88771.71876,113055.2692,96720.42027,1059114.204,290293.9171,39833.75888
F01MN_1,F01,8003.636186,2075448.321,524698.5408,42483.7609,342938.399,730629.5934,2759903.704,47128.7659,33024.93108,335917.7623,319682.3167,658500.7495,802656.199,44875.24018,219897.2379,254357.7299,1035368.407,28719.50564,64939.65492,73301.55268,74314.98541,710206.9681,216597.2095,38040.19832
F01MN_2,F01,6253.489699,1700340.43,440435.188,38458.57421,261830.9502,569521.5437,1541594.121,42644.79295,35535.20242,621482.4252,152173.3658,1.055298934,851424.1107,44388.41681,225087.4388,216674.2035,744877.3279,28444.88318,64409.5471,76331.60651,78812.69293,641913.9387,184275.9671,37815.69943
F01MU_1,F01,1688.138826,1285324.214,294644.7702,49485.92977,215550.4016,412595.0889,3052717.663,47034.99144,25667.58628,353727.4991,21695.14801,452222.63,674022.1488,73423.61899,123178.4631,286287.9641,872303.589,27630.62053,89301.101,8604.424977,86339.94241,988656.1184,280263.2933,80310.43892
F01MU_2,F01,2457.745417,1607697.536,365409.8962,55312.69106,267935.5924,488657.7171,2628724.347,51009.21317,28943.82281,775676.0388,93239.34547,575308.331,964904.6994,61475.27153,204542.9925,288910.7168,792914.669,52769.77895,72235.55018,14278.66412,68241.43656,675797.5807,210749.2324,42077.26296
F02AB_1,F02,5906.009225,1927851.678,411567.2453,96636.8127,269848.1712,620563.8072,3537095.915,51435.26055,339172.5025,571182.8867,55620.71931,226750.6341,561855.0765,92253.33712,144741.505,335404.6702,343158.349,56523.08993,101852.0778,214407.4342,67404.58232,821763.5407,152810.8049,76456.03458
F02AB_2,F02,7681.121755,1542266.856,366327.9286,64646.07907,245414.9703,505230.824,2788377.158,38118.67943,260353.3053,736545.748,50373.17775,200991.4572,453441.0845,72032.41771,172548.7764,234128.4023,457755.6559,41005.54729,78392.0949,136395.5211,53964.11926,628395.3511,145775.8769,57287.82873
F02AC_1,F02,16172.92582,832322.1072,212291.3444,50755.47707,123163.1552,255565.5196,3428205.113,27130.50639,96085.31314,916204.3696,71950.45592,82675.1212,124033.9128,58661.67683,90930.33756,108825.1333,129388.5968,16948.05656,61735.72357,101355.98,72371.15799,728920.0501,209109.3635,65653.17085
F02AC_2,F02,31486.97275,2016860.307,513565.9686,81213.76764,313566.736,624702.7575,1688042.636,39739.98,338158.6096,721915.3277,229927.3413,190663.6139,334077.1161,75482.57014,132304.6675,324471.424,913662.1995,58281.59451,98130.0883,172259.1859,104054.1121,623637.7532,271327.4934,84984.07259
F02AN_1,F02,51109.42575,1863785.097,452661.2718,29485.55817,293722.4039,611200.9139,2686621.211,37780.39294,288179.1566,979031.3863,197822.9844,113233.4307,229352.1996,41675.919,181157.2436,247297.3109,801657.1254,14377.43271,67224.61856,89255.94508,80401.48139,585055.6403,220296.07,54493.9242
F02AN_2,F02,42821.80077,1902240.732,440703.2599,40419.23769,246486.1445,590989.1894,3710010.827,35145.92211,276693.0316,501067.1057,180386.106,106866.297,237075.168,33226.95611,128573.3502,211184.8342,504378.8163,60313.46735,98313.80306,140450.0742,102353.3547,836585.5135,313246.9549,80424.97843
F02AU_1,F02,15397.78378,996825.8979,236622.544,53359.31462,187314.9001,372984.4568,2957747.563,33380.40572,32898.2494,990308.2535,154761.8861,138996.3576,599871.0404,75345.47873,149222.5381,192995.9874,137313.7998,17059.63125,60000.99064,133356.1445,49779.72546,511144.9586,151329.8257,37026.49114
F02AU_2,F02,23267.1514,1406725.768,364714.2716,48824.29229,215220.7827,454803.6915,2364587.685,37713.2415,229753.36,833935.3506,107160.7268,129172.1924,335773.5594,69399.66902,145613.7114,224274.808,149479.0192,22674.55674,82873.54328,150531.138,57257.28962,627352.1328,159391.6189,46410.67906
F02MB_1,F02,36530.19958,786973.2032,183125.4467,41331.74907,112076.6455,257144.3287,5122149.458,31318.50257,128242.626,1357581.761,85945.36761,134146.7418,247228.2459,51725.77378,70637.01179,134138.3036,87721.51734,16484.89867,59686.82634,92532.92827,69747.65255,827072.8401,241592.996,50022.91503
F02MB_2,F02,10944.47104,1664903.447,386952.1984,42915.09878,206867.8583,457681.7361,3851689.66,43696.76625,264658.0166,632537.6919,58697.90926,301065.8008,348034.1474,27201.91835,94046.44559,200424.906,1.247266168,64914.00179,104050.6269,166250.4413,82649.37102,881229.653,280780.8201,64143.43653
F02MC_1,F02,39659.55945,1521596.36,348546.7642,55248.67528,239282.5317,503879.2525,3157784.336,39725.89113,287199.2225,468118.7634,24944.23142,355465.0967,432428.4548,89976.31446,174405.0154,266074.6734,549200.8685,14900.32744,55600.74163,99634.39654,62608.61233,690135.088,205305.9496,46748.67437
F02MC_2,F02,29835.84227,1285987.93,311868.2347,53718.66027,211024.3352,430376.7856,2495898.17,34842.1152,268127.6118,733634.6718,28588.22414,289711.5447,353210.384,88466.70943,105541.4973,262196.6387,618330.7168,16205.16943,58712.18653,102923.6452,63583.7434,609891.1226,203279.1796,44316.65323
F02MN_1,F02,32935.29383,1277748.219,287801.8175,40439.01856,169126.467,399111.0281,3378625.814,25637.41678,238251.9753,764712.5988,240702.4741,528845.4609,372015.5517,54503.48823,81403.50603,166183.4133,234094.9528,12745.16795,15710.51342,53590.63031,45587.85165,419833.2672,117189.4897,17909.26982
F02MN_2,F02,25887.51096,1731939.931,469935.3409,58664.14621,284141.9756,591374.6148,2697355.972,40836.93083,87664.12085,375757.9321,274251.6143,455062.6217,364598.0138,50887.11923,204632.4201,270688.4277,845763.7924,35437.9469,65663.06379,119024.8881,58064.52478,576785.6244,179068.1729,60537.70197
F02MU_1,F02,4393.22009,1379551.683,316260.935,40821.96718,206864.4633,448638.5058,3579346.441,55674.17027,233595.1029,718530.2436,39608.65902,213988.2345,440377.4065,34844.542,128138.9357,195174.086,243016.2222,49524.11062,79757.0054,151012.6604,58313.64576,814085.9528,196892.053,57085.6389
F02MU_2,F02,5292.635757,1416769.762,322794.8501,39631.9879,213831.0365,447958.6677,3892032.381,54027.84787,223065.1809,598160.9568,22967.14503,157089.743,367882.5123,18204.25849,100657.6271,180965.006,1.052594317,43930.32177,71343.10462,133659.5298,52951.71504,618192.9431,161934.1669,21862.42167
F03AB_1,F03,50816.57013,972680.8493,221471.6187,42780.82677,141707.7673,336917.7131,4962027.097,42116.51875,140374.5091,593350.9095,123847.0862,112154.7176,217286.879,42443.28541,104676.1996,146564.4809,166060.5579,11892.29063,36890.19551,79838.22131,28180.99757,440448.8445,111575.5183,26711.26042
F03AB_2,F03,44616.4568,1259456.38,279702.3822,44561.60254,169741.8136,383854.2868,3443256.548,41843.76148,150646.5652,598948.1959,81201.55246,77294.83252,201241.0516,38598.24002,107040.4289,143556.0554,136922.4934,14257.59733,47931.95583,84244.38418,30383.01322,433490.3028,116161.4828,26120.492
F03AC_1,F03,112780.3318,1528049.412,350978.0391,23362.71634,221391.6509,481225.6226,3316105.042,37615.76944,196874.9212,743763.4322,119322.8756,127552.408,150554.9004,22248.65676,107127.1649,150587.2035,410200.4785,25283.59782,44597.81262,69380.40381,40146.49254,518717.7922,160294.6524,32290.9121
F03AC_2,F03,121123.5559,1755044.375,438613.6584,30921.62814,247162.2886,541979.6085,3327010.485,43738.23507,241613.2287,595197.6039,109261.991,152745.5259,185817.4602,14076.63501,101934.3527,200300.6734,314219.5742,33947.61862,57526.28445,95829.00934,49570.43278,663865.9575,197305.6813,48067.74597
F03AN_1,F03,61502.70691,2031361.87,464155.5899,37774.9549,242185.8214,588554.8751,3635342.971,62779.93497,290037.6268,709595.3951,178013.0116,280703.71,381831.7208,14661.45669,118848.8514,233458.8119,461944.2284,35936.48943,59984.28768,112894.4252,45769.10751,536663.9465,166936.4236,37884.60936
F03AN_2,F03,54612.90788,1464307.326,350527.3859,28788.56028,206396.1062,475104.538,3262817.596,40830.16688,29555.85909,585062.2852,177335.1095,207704.4943,354892.7198,23040.19011,177793.5821,171396.5165,358784.5438,13148.84539,36075.62507,73246.80221,40171.72137,404163.3798,130439.3925,31537.80182
F03AU_1,F03,13234.35466,1251566.116,268896.9894,52965.69522,188314.3424,442933.8291,3444120.216,47977.9374,231497.9239,819070.4846,90837.59166,199137.6482,522261.9338,44435.11671,100492.8588,192009.8382,314898.2019,35757.45968,60277.98927,145673.7625,43868.81813,556134.9718,135186.4501,30895.23228
F03AU_2,F03,37125.36379,1148706.235,215296.2557,63174.25278,168709.6304,385706.6002,4695839.277,46920.6404,186949.702,615408.4829,144771.6815,187485.7698,340714.3494,59345.24974,72475.04295,163185.0788,174270.637,24952.89542,39530.19976,104942.9779,35678.83167,440707.094,107934.5144,35003.26988
F03MB_1,F03,58624.96421,1157179.355,262544.2671,41123.34436,168173.4278,403477.2011,4170249.856,42638.31685,64225.39327,1060172.993,122393.3376,1.034654583,273416.8699,56771.11558,153019.1691,208191.4938,508843.8734,46476.37919,61380.42899,132090.2916,50594.90446,544348.1051,195289.7018,58374.03932
F03MB_2,F03,50340.37291,855203.2997,192909.5396,40849.00224,112036.313,272342.3876,4067082.492,36574.81948,182375.5963,888169.1712,73829.67876,865297.8675,253904.1853,55073.45032,118839.1062,112149.6258,94024.37475,16661.76165,46186.30383,95226.48705,36955.53341,458683.9648,152090.7491,39520.4716
F03MC_1,F03,75406.12876,2382738.334,533043.2699,61817.16847,346873.1969,741123.5599,2172618.027,49114.8983,56274.05582,950917.3722,101976.7945,223994.7421,384029.9696,37199.61288,219930.1162,256272.5498,734250.3074,27366.23927,84968.55444,141565.0331,83596.79952,930525.8157,247635.3325,66304.09764
F03MC_2,F03,98754.19534,1870861.299,461081.6091,25439.96462,334029.1862,661678.0746,2233351.495,49116.13499,108162.9664,913522.2723,200653.8116,242737.4644,275190.2246,40019.46184,236636.6831,281998.9294,915816.0354,19892.72749,68032.00043,107217.1646,75700.16573,733386.9797,275138.0895,60185.86913
F03MN_1,F03,177691.9988,1836143.22,435167.361,48947.5642,253064.7145,600683.8061,5303634.771,48504.37169,212266.6418,655796.0399,345125.6541,123661.9854,196406.2542,37599.74188,110505.9991,263002.2208,514059.4244,51183.9551,90024.51151,141961.1014,79931.29848,880613.8546,299824.3473,91019.94143
F03MN_2,F03,99177.75898,2076173.399,490411.4214,26497.62915,288455.3729,644423.7373,2554333.21,45449.48034,244170.7789,937105.6928,248277.9515,155512.1684,201478.8598,28593.89915,206794.1881,243718.3252,677441.3684,23423.7416,76011.74958,120529.702,66275.19095,724663.1877,246019.3446,67728.12029
F03MU_1,F03,49779.81854,2060710.03,437261.0875,38270.76232,294371.3824,615398.7645,2791892.27,57929.79574,19941.95323,1107133.997,70791.87542,380228.3774,355533.4276,58204.85137,218584.6967,297050.0106,434788.7997,51914.73565,91732.87246,21826.90069,78816.29707,784899.7927,193025.7006,69316.7874
F03MU_2,F03,50383.41652,1406128.707,275475.9532,39328.8312,169289.4229,474633.5534,4685457.114,46208.36072,222782.4775,579494.8215,63885.07146,1.05312855,419250.4028,58398.24628,171228.7468,198702.3504,318884.0599,31438.8091,87591.86141,183469.3646,91203.46913,727285.7882,229570.6037,75211.4936
F04AB_1,F04,83907.2675,1454706.14,331023.8814,48152.57366,213721.4118,491098.5268,2515666.441,41744.02238,150559.1366,590137.3892,90731.09423,28112.13665,145965.6096,78354.92988,90126.86152,207474.6658,647802.2539,47927.00836,120402.741,5511.623193,134420.6065,794771.3244,407989.1168,107268.6603
F04AB_2,F04,97041.05851,2239581.64,542219.2252,44266.38727,375347.7621,785394.2669,2161023.438,53689.9425,51310.39375,600760.0664,136921.9826,64219.12962,180008.6724,72306.38565,130226.182,303037.317,874921.1302,59536.07714,115101.8903,199002.0388,136669.3968,1018850.599,384069.6196,98666.6915
F04AC_1,F04,103059.2131,2198399.136,398776.9416,43289.80902,345958.5239,736348.0665,1978225.91,40702.74684,31306.08057,911192.4661,124203.3381,35279.18038,267500.2432,77321.36188,233837.5988,323846.8503,880033.5928,34916.09547,119678.2855,11216.28324,114967.2677,761660.2284,302877.7252,87076.3867
F04AC_2,F04,109403.3594,3091949.669,736742.6182,72406.5417,408550.0478,916250.7127,2770832.777,48731.51586,332665.0801,492090.0237,83214.72581,139986.971,267958.2243,41201.83946,164991.9791,385407.9441,991788.9055,71734.37074,115857.298,195978.4822,95690.24351,936908.0775,278778.7979,81974.85701
F04AN_1,F04,147718.4775,3107314.835,726377.5959,47970.01948,392376.4251,890694.55,1710483.011,50995.56765,320201.235,562409.6003,208481.4538,74340.43944,172712.8931,32253.96808,196353.3929,327503.0115,980640.5987,68616.43736,110350.8503,161581.8237,95250.62448,819610.1293,319999.3153,94754.95313
F04AN_2,F04,101204.4838,1683937.477,435304.1977,79282.35657,316186.8839,616047.819,1807412.712,44360.62661,64679.57671,856861.622,242581.9074,131871.7173,105242.1427,58309.6196,212186.0084,264299.3034,860222.6259,37934.79195,84373.83117,122035.4697,102795.862,770026.4656,312033.2766,82178.57227
F04AU_1,F04,88201.85452,1755186.138,399716.3207,63850.79783,267913.9034,595535.8865,2659474.566,63984.99122,213054.5059,599874.7104,24176.40312,83556.45519,255121.6063,65731.64243,133112.1954,262509.1298,752482.964,59454.4569,96552.34516,189852.8626,79914.24326,881921.1694,278109.994,86846.747
F04AU_2,F04,4983.510297,1992080.756,446231.58,58309.59458,285135.1195,594264.3049,2648355.777,86159.43964,223695.4842,554516.7621,27448.01023,81844.57037,146014.3142,42438.7037,93114.81525,237776.8667,367256.9811,60866.00386,92369.89051,199110.7928,76281.89934,879992.9595,227340.8898,79378.8627
F04MB_1,F04,134604.6213,1539542.465,293831.9316,79881.02767,168849.5124,433657.0484,3407689.402,35200.4514,161179.4808,504987.7115,116958.2393,338728.6541,190498.0948,64318.16311,81777.38066,173613.2147,1.013723196,36090.38298,59843.36283,141569.6334,43871.51855,619422.8491,164811.5623,73785.72009
F04MB_2,F04,96699.59905,1396151.844,309646.873,59420.92193,205728.8747,438945.5949,2721885.599,30910.97856,171169.7076,750496.6898,177326.7477,117662.7053,154566.975,70955.10775,149739.2577,219823.7392,341081.9724,22941.55149,50689.44901,125553.7508,39143.37562,521208.0246,132412.1852,58276.4567
F04MC_1,F04,56214.07591,2467604.185,627398.9635,104646.2823,311948.8235,733885.5517,2308351.615,45184.7963,304954.7944,598387.8071,509817.2636,226500.6246,450532.4536,59521.09753,147984.057,360571.2876,315011.9606,56571.52683,102598.298,193175.4627,57916.25895,644104.1465,172101.4505,101302.6072
F04MC_2,F04,66967.89038,1696247.958,396626.0589,72703.32951,212367,532713.6163,2109629.28,31396.34181,57178.46156,663115.596,363296.2404,151453.2442,418485.7259,66423.86144,140876.5693,205944.7346,114023.1292,25132.94108,65266.4571,128200.8589,48460.56712,598089.3365,134953.962,80738.31446
F04MN_1,F04,109266.0919,1951722.874,489369.1095,50535.11632,251343.5444,609796.8982,2027337.799,37596.21043,190509.0402,624518.4918,292228.8565,23572.52872,232132.4307,45008.46444,117210.3251,187377.4029,136323.4789,13392.87493,57823.88394,101450.5434,57352.67131,529303.3312,131805.5187,66590.82428
F04MN_2,F04,156253.2045,1885037.098,436000.2422,47969.97083,270589.1301,613179.8163,2211667.936,43813.45164,211257.8119,659825.3364,289816.087,78373.49671,119056.7168,35133.33594,114288.5028,219628.1885,615742.0052,40748.04476,63422.52333,116134.1004,58439.83377,692555.6914,230208.1363,82223.79075
F04MU_1,F04,1891.68756,697379.7575,154272.5569,47742.68528,89373.86348,214414.5601,4099788.113,55953.01951,57762.13031,994853.3044,14963.19759,28838.42691,128356.2028,43876.91627,45866.72739,76933.725,1.012259968,7560.762728,29604.64738,77559.41947,22859.07939,370529.1995,92649.47566,27929.28161
F04MU_2,F04,1686.807371,826493.9286,184821.4692,60694.67351,109509.7121,270286.9811,3939384.027,59376.04686,82695.17833,979780.3045,31322.3104,39643.79937,211878.6628,59153.79083,53583.54615,111952.6075,10300.00832,9020.264582,26241.91459,73977.72009,22157.30125,335426.2196,87035.88508,30732.85761
F05AB_1,F05,72671.27111,1162390.436,270132.67,57880.87217,139546.8361,368568.62,3863749.272,20495.85298,144130.201,1039922.275,42834.3216,402610.5404,236424.7656,70767.65738,152938.6689,133340.6883,108924.0121,25334.85165,78292.3132,6762.730814,55022.17455,612392.4156,186962.1679,75467.37428
F05AB_2,F05,97032.02133,1884840.412,439028.0447,91120.97351,267980.2917,655548.7542,2157833.153,24613.3693,221256.0758,715074.0354,135529.3254,134116.7979,267738.0172,100702.6764,155402.4563,261434.6254,454350.3779,67183.80561,100668.6202,228756.8738,77138.18884,695250.6982,249698.4789,91971.16734
F05AC_1,F05,171557.0776,1870418.461,438237.7517,46281.31416,275652.5756,619351.5727,2268398.314,12807.12374,220958.2684,723763.1509,94868.24802,100907.8213,179047.7049,44772.01475,134012.7578,231113.4298,749746.863,60309.73103,97491.84823,168351.8759,66989.50739,928735.4528,285683.2806,88724.09272
F05AC_2,F05,131432.7884,1900716.39,349779.2002,42510.36069,260860.2156,562113.7252,2192383.637,23186.13074,185350.6929,832749.8378,83033.62353,67658.92633,199822.992,39780.76796,122361.6567,207196.1252,467783.976,33278.24223,73375.95616,136165.2411,55804.95392,599332.6403,194499.8429,65370.10081
F05AN_1,F05,83443.13218,2125098.964,533990.9562,56701.26749,338668.9051,764221.9736,1606814.887,26272.79388,55487.71439,508861.7865,214043.7222,182102.4896,272714.2739,87361.70426,149428.4224,313437.9422,731475.0347,44622.67726,78896.15362,169688.8282,51738.43474,748449.3015,200997.1302,88659.95445
F05AN_2,F05,78757.83195,1912732.055,467741.8343,55776.55249,311075.8281,681177.1446,1753896.829,25154.15997,32666.79807,912967.2552,150500.5559,170614.0348,266452.7611,73702.70036,226297.2853,284096.4435,680000.5942,48985.28575,80414.81233,175736.429,50705.28414,758745.2419,241618.7997,91698.81403
F05AU_1,F05,39231.28973,1543572.755,390493.6844,65324.50338,234103.6196,584742.8167,3096740.404,31552.65102,193294.2291,605322.6637,24582.14376,212604.1898,291440.2708,64294.39956,150343.1915,212076.9549,369908.0513,52188.6297,11014.57573,204146.3543,63840.74254,605474.4772,254411.3153,94784.77669
F05AU_2,F05,118052.4307,1957970.804,551685.3452,74250.56342,250803.1986,657499.2425,2151156.307,15105.11498,24042.98786,719031.8293,119524.673,111241.5678,285995.5743,53196.44519,208293.5504,241978.6027,90402.05344,33904.99248,70733.23835,158291.6547,49716.65284,435200.3845,118288.0606,79433.42004
F05MB_1,F05,84816.60758,1889957.906,501990.4923,65327.41665,290899.1979,619716.2083,2078264.532,10475.1774,213707.2625,687039.3735,132931.0664,73128.52585,290247.1971,55505.76841,176453.5924,256293.1218,402641.4333,19131.52398,72148.02526,165333.6502,52669.28498,720596.8217,209952.472,74097.60107
F05MB_2,F05,116328.3488,1627637.08,379399.5129,54411.83303,231396.2443,545031.2292,2948247.886,21304.2235,180780.8359,681102.824,95267.50291,59550.71732,169790.2107,51545.83564,107268.1519,250466.353,449769.9733,55720.9265,91642.4675,214926.2158,59865.39428,939976.6282,271810.5379,93872.89826
F05MC_1,F05,116950.6253,1202615.456,261041.4273,55048.55212,173560.7714,416083.6016,4039150.022,28406.16904,134903.8163,838932.1559,48373.18043,163406.6231,252071.3844,37690.14257,87618.73389,166573.0081,153585.1523,32752.65057,55581.13387,125872.5072,14383.61571,570850.3886,136325.3061,43634.29349
F05MC_2,F05,107477.2492,872494.3908,188720.539,40714.39809,112492.5235,269399.1583,4762802.112,15288.07712,188628.9121,805768.6183,54949.59161,93808.5407,183208.9503,50076.28479,106229.0115,95332.53378,1.013721814,23387.5671,50923.01307,106436.5212,27894.30255,507673.005,153759.4092,50126.31483
F05MN_1,F05,108895.8912,1519259.505,342298.8096,35646.47306,208870.4632,527945.057,2304542.696,18275.77113,21868.54603,1233250.261,82275.40243,41893.14808,197380.765,34099.62434,142136.2051,203632.4873,544191.2488,40849.39974,68236.82631,160240.0496,57089.03883,559058.3396,224157.8538,76120.78893
F05MN_2,F05,69867.0427,1965674.18,459693.8204,64041.33906,223825.2406,591679.9678,2465385.064,308776.3455,162766.0755,811358.2352,87943.3015,74452.64838,342212.5574,31472.84551,153343.4797,172014.7945,151443.5059,20808.92509,88665.18116,146975.22,46380.7625,642353.2063,133097.5608,61198.90503
F05MU_1,F05,47869.52494,1010758.066,225746.7659,97219.3201,143874.2153,335227.0887,4752732.329,24502.96471,138102.4783,790288.9723,194547.7467,23660.88868,283509.6006,82907.52239,93724.14846,129670.223,141456.8596,20592.07909,40868.28889,137426.893,43110.36868,368307.4543,76940.94737,49381.70273
F05MU_2,F05,2687.300216,1774045.763,417183.4216,99388.72222,216785.9729,550276.4593,2609957.2,33226.8128,163339.2033,1033478.87,123337.9901,121884.3458,566097.019,53548.13151,142102.9165,165093.3444,1.013799884,24684.1903,81343.88097,213179.7893,37497.98905,526364.2522,94266.21171,65739.59912
F06AB_1,F06,110944.7818,2310054.708,515070.8024,92580.93826,266378.1074,700926.573,2138493.073,52250.67128,178204.2895,651937.1425,51672.80968,19753.2066,407350.7411,83432.53452,94715.712,219210.6674,248664.4492,65991.7116,98053.84884,210264.7457,44251.25429,672943.1518,190262.7285,88294.96568
F06AB_2,F06,137550.073,948461.8234,214918.353,76404.76696,168943.7379,398689.1897,3770423.479,26119.82115,115549.4588,1125470.109,36550.02941,32935.89866,314950.3443,114137.4527,76092.30777,175659.2571,132300.1646,59823.68241,101282.6771,8814.991838,55036.46986,732474.2131,193929.2595,95837.2836
F06AC_1,F06,256552.8595,1336171.261,316406.7553,41596.77485,179947.2706,395835.2549,2166605.789,14785.12011,71418.92016,882930.9879,56375.96606,510883.446,128617.2879,67196.4472,119144.3717,121331.0573,197928.0287,46483.18205,51265.67141,77222.62719,53499.02833,490433.2185,268974.5906,67677.76288
F06AC_2,F06,269502.938,1429084.055,325814.9166,53040.18818,219236.7036,514787.9792,2857214.769,15296.10436,161375.3443,609868.1685,60819.92532,85566.52787,188712.6996,55303.82715,146278.3187,167354.6166,400843.6294,46322.88927,79658.26273,116101.1552,66941.01786,622874.6371,224799.415,9595.084493
F06AN_1,F06,162097.9591,2332736.77,485732.3968,82273.54705,291437.188,750159.9922,2277393.698,34577.75021,211199.4331,604618.9295,77996.85344,35391.31995,221949.2164,80320.30081,114148.3603,207953.4789,188729.6239,57351.23161,82558.55528,170949.0102,53089.30905,615444.122,193793.2088,106697.5694
F06AU_1,F06,95267.21562,1644302.127,354445.5259,66778.08723,220222.205,509761.2512,3229321.462,63416.05943,154058.8206,589983.5698,49867.16609,132084.0592,133886.7155,69121.81303,120925.4926,181562.4665,149924.1558,59756.36159,80130.67733,140266.7359,55418.78726,498633.4849,186415.5721,79822.03129
F06MB_1,F06,88884.92253,2029103.865,514410.1829,79980.26384,236312.9701,640313.452,2183985.291,15717.74583,158943.5733,948268.4202,57582.49571,36265.89455,376691.3091,53885.43059,182571.2586,163148.804,106321.7087,39728.85114,71565.20379,153369.486,42426.16004,514439.4699,127917.264,81688.77378
F06MB_2,F06,151333.3052,1277184.714,301552.9028,59948.92399,169209.962,443235.1753,3263488.02,15333.34662,111230.6706,794389.0056,32575.74045,24506.23769,167241.0423,69197.13753,105729.668,165612.8815,159072.3746,31298.82398,66224.62012,139952.8736,39050.32645,584835.4915,177487.7144,85460.77087
F06MC_1,F06,135420.6473,2305111.624,533910.5019,118144.095,323190.6354,785192.6586,2678416.043,40279.74406,212549.2289,638555.9352,186112.8951,46481.69706,325505.0102,96918.50092,155569.2974,241497.9655,379335.0009,60312.14505,92858.24839,185114.6063,56327.75775,734485.3358,221046.7198,109943.6027
F06MC_2,F06,130856.5098,1796273.51,449913.8609,79446.94872,256149.0332,634191.9298,1691226.193,28166.50767,69759.00802,778902.1303,134709.8146,38382.02463,228600.5312,82940.9149,167811.7118,189966.0846,371790.763,19656.26002,68379.7862,112541.8772,48865.72156,454891.6312,176324.8429,75775.02086
F06MN_1,F06,39641.51047,1068938.492,230347.9995,47398.74386,144275.0044,361295.0272,3726756.337,16155.527,102468.9855,589488.1015,167005.4196,39949.45783,262771.8597,48762.00258,104682.6451,113765.7566,169775.0957,12753.32642,48541.02916,73471.97488,36679.05741,415017.5295,125677.7568,22993.81999
F06MN_2,F06,30168.40034,1331701.982,311348.542,83569.79282,182929.1896,446953.952,2112414.086,24241.93598,182921.6699,576832.2328,280080.462,109893.7909,320573.9664,86381.42037,117378.5697,207205.5008,510055.0583,65104.52955,106358.8058,180508.6325,88624.1836,766602.2006,240930.8345,72716.40979
F06MU_1,F06,32928.24558,1814586.929,432889.0712,96058.71731,242477.0162,610911.0855,1638595.058,26803.64116,145907.6305,768649.7968,50069.30765,30762.89208,339569.8597,79505.10755,102083.8077,169446.8923,66016.14872,13459.86935,45851.24791,102117.8098,32315.58829,134305.2395,99842.94732,51962.38607
F06MU_2,F06,8973.239866,1793813.6,433681.182,107728.325,249739.3873,639587.5709,1753134.706,30777.14925,167023.62,426355.5437,27741.16762,25166.2007,378475.5105,76107.43776,178039.1041,168502.2778,86064.99768,15258.98853,47278.33262,106659.3477,32997.8737,168559.493,84171.14311,57059.20408
F07AB_1,F07,12903.55122,1979425.402,425507.7911,65631.16661,234889.9117,528158.3251,3124028.807,29311.89444,214497.3884,320604.7783,22623.95495,138432.6275,356556.9352,49485.59893,98257.03812,148336.5677,1.013470736,26145.14637,46520.64608,65225.89377,34213.15252,393342.1594,120828.5247,53152.45796
F07AB_2,F07,23284.54067,1010289.401,234912.5829,40784.27081,144492.4978,334894.1824,4138624.41,6733.648609,36953.05907,706750.8689,13795.27014,56059.82469,190157.5557,52867.414,91693.50157,72807.14589,151374.0988,6991.802229,19308.44393,29565.71768,21772.49284,58637.26206,72083.42301,23230.48133
F07AC_1,F07,23093.48173,641865.861,143574.1494,57544.66449,130157.9154,257849.9224,3336197.514,25661.92245,118620.485,493288.004,34527.73559,85527.59845,239543.5453,92326.68457,70105.73918,67372.07635,23008.7683,11035.22793,38933.36393,47708.76924,44678.84157,322144.144,90753.94524,52509.08833
F07AC_2,F07,15833.13281,1151312.476,259612.627,42339.05409,176057.3423,383955.4066,3178383.7,223350.199,206668.2557,453278.9655,61218.31836,172733.4992,242039.6103,61286.02402,109053.2425,74289.19563,200963.4352,11053.1673,33875.98116,43815.88836,40138.8766,294124.053,87490.96992,39895.69109
F07AU_1,F07,674.2033594,1666979.628,374439.1731,93629.05705,249441.3294,605216.5208,2860499.326,36336.3276,235446.2527,443660.7995,70981.84029,140673.6363,430463.0691,108490.9646,118676.952,174908.2933,214880.187,36704.33763,63533.60409,116967.4943,36757.52471,392605.6054,128725.1076,59036.72309
F07AU_2,F07,3864.138623,1238728.654,277287.8483,62590.98966,165288.1802,421818.0436,4129528.265,10885.76382,49697.9594,556100.3802,29430.47594,76650.69996,253777.3224,67159.96494,117967.3789,79752.15737,2833.086665,11644.24021,22206.54495,68663.22153,23935.58541,75534.78535,74843.62742,31968.40568
F07MB_1,F07,22058.44155,781773.5606,171205.9661,46895.41228,86013.00962,206463.3117,4330172.027,25174.51464,153904.015,405351.2564,53965.47939,50699.22081,129630.1014,51377.15735,62083.52703,120921.1304,5983.480397,8738.750528,25185.60841,40974.31567,32255.74919,349582.007,113255.1951,48733.25482
F07MB_2,F07,14950.62593,1450680.812,290718.3599,62708.35828,160187.9106,460745.5488,3645489.048,16155.22864,182869.2209,530441.5047,40085.11697,116618.8633,465070.9713,64239.45829,136438.3157,115695.4076,1.035515084,41272.81641,69360.26425,98358.18518,64009.71968,491965.1734,89436.48883,68408.74226
F07MC_1,F07,1852.984679,1437578.071,360021.2788,46166.42164,208991.3464,499512.9913,2037468.317,8736.236189,234551.5474,311478.6786,49009.24763,181932.5086,265724.6402,54498.29898,158407.167,85492.83565,92919.10311,13097.29628,47730.32601,42393.5379,50411.73318,388955.1899,154082.5755,47174.03066
F07MU_1,F07,15537.70164,811913.9876,188909.4288,33022.01496,108592.987,248423.1504,3727359.322,25759.3742,95674.20936,546062.4904,47205.40749,92798.97579,136801.1579,28441.5095,71579.08211,164992.2832,20341.74366,10506.93688,34048.82244,37478.99609,38976.06275,300628.5511,120022.8225,47224.17803
F07MU_2,F07,17009.77603,1458834.846,338148.2038,43288.95658,203900.0355,451791.4096,2942699.461,276755.2828,189658.8646,441858.4019,51191.75555,93656.98366,257822.4759,37986.06337,125710.7638,101104.6515,2124.918516,10136.25861,36518.75654,37373.43805,37688.19563,51700.69264,56302.82261,25005.72379
F08AB_1,F08,6768.894781,1095910.657,256295.988,34421.90425,170227.19,382910.5745,2741288.315,11473.82103,70853.07838,421651.3385,65176.59678,1.064636972,545860.2992,47222.53422,167075.2541,368192.9273,262039.4979,11120.61847,35618.87814,38898.71972,42903.69406,374361.9177,142796.4664,30447.82632
F08AB_2,F08,9249.578209,2045883.608,466397.4992,49389.56749,241486.7242,585532.0892,2256406.108,45845.14912,324386.0224,414976.481,33424.30834,349083.769,346602.5151,30919.2915,117721.3897,117050.8125,111839.0424,30089.92588,53308.51415,51673.92198,44727.03739,448775.4182,157554.2651,31910.96505
F08AC_1,F08,1786.05991,1316988.366,298630.3734,20105.38376,210305.5546,424689.8072,2807328.855,12356.81261,177597.7208,251955.9723,38961.44747,86569.4493,153268.5428,20865.43566,116250.6401,56962.50085,133567.6207,8604.691942,26814.20511,16244.62692,45112.39775,132769.6061,112706.7917,17223.18708
F08AC_2,F08,1690.951523,613366.5306,131640.5983,22156.39041,59722.5503,139853.438,2878185.954,20830.27506,406351.8245,229910.5543,12727.11891,175429.3153,33264.38428,21308.08087,19603.0325,69644.97836,1.013774023,6295.211396,17501.64825,10461.74676,27448.86537,233481.684,91940.05678,14168.99112
F08AN_1,F08,7336.676841,874719.2018,201088.6566,20429.57858,134123.3477,269572.8602,1933902.054,143251.4928,121522.569,296726.0664,6228.190123,63054.62105,98467.58797,16253.10602,67297.08864,55549.12285,25264.80536,6572.68709,20437.50884,14310.41591,33051.64747,282019.1916,96002.05239,18528.63921
F08AN_2,F08,11675.63994,808692.3767,186466.7689,18519.63992,125153.6216,269959.9874,2136434.11,34223.84648,114591.1807,504614.1257,18543.23175,43377.88548,74962.43156,19276.21943,70716.94047,45233.2551,15853.46815,4592.950915,14435.46231,11656.5048,21381.54562,64813.38817,82599.70747,15693.42564
F08AU_1,F08,11502.87291,742087.0836,165618.578,67515.57398,91013.44384,216786.9085,4668434.514,13460.75459,126105.8413,869048.5601,61398.74592,429716.8094,195802.1173,95676.41832,53608.07022,71600.27071,2323.69113,7496.469469,21902.55192,51322.11577,17417.78487,164514.1737,51071.75105,29289.64567
F08AU_2,F08,12045.64501,820892.8136,183418.5915,71230.79848,99434.17554,250209.8023,4629396.917,18861.55134,105808.1809,473572.5594,60189.80954,109376.8582,301065.9529,84546.65282,71155.35223,85413.25961,1.019025501,7646.07852,21407.9317,49130.63717,17517.35515,89103.87647,46380.02644,23988.95133
F08MB_1,F08,1427.388326,1345737.206,281165.9296,46347.98253,174353.2817,414854.2162,2850120.338,36671.43145,178892.0276,311399.922,23002.00873,114194.8086,229395.5424,41689.37316,101652.153,73225.93058,40520.59835,22751.7882,38204.47391,34173.16283,21187.35283,360025.6489,125049.4531,26453.49872
F08MB_2,F08,7751.60157,606907.4771,142430.4674,39121.79368,64795.49069,177526.0968,3342001.492,10424.87107,52341.28082,557587.3964,5698.549184,95962.36546,69838.74526,39507.93851,30081.90752,82532.09328,1909.021608,9995.356095,34794.13048,33851.06076,43562.11638,409831.8736,150564.9411,43221.53539
F08MC_1,F08,9820.566778,1357844.021,312217.7334,30373.93328,235656.7995,464001.719,2841724.404,13015.45333,26203.57829,431266.7219,109881.2874,213186.1957,321269.4056,38783.18927,171775.2957,88134.45061,288848.5609,9399.888516,28031.67604,16892.48272,40519.10597,301289.1748,111265.0829,16167.78326
F08MC_2,F08,12058.73102,830660.6494,194135.5448,27426.55718,130495.143,248744.1493,2919122.439,23687.77347,214091.588,415149.5219,85520.68842,1.06421467,144636.9824,37910.84465,98341.6832,275653.9606,73460.75199,8212.961657,22652.31024,15014.02136,39239.04737,335967.1007,114723.8583,17002.25971
F08MN_1,F08,13302.99024,1384331.817,322016.3253,31923.6692,207256.2746,446364.0003,1776995.15,27342.38906,215950.0738,284560.6106,21886.73595,154039.0472,214735.4375,19139.62688,79952.98912,60477.36,1.009225523,18770.65123,31330.75248,23711.19592,30025.7534,376452.7579,101685.1171,33475.51699
F08MN_2,F08,11574.47536,1257588.471,293127.4738,33419.62077,192490.6567,396403.7401,1911552.738,8212.328081,209240.1083,504933.2774,22295.91183,130654.4948,203110.7797,30916.99952,119669.6464,51099.72039,20336.04901,8397.108232,25188.12875,14710.49748,34920.93107,93670.28944,87434.26173,41382.50152
F08MU_1,F08,3760.382408,2652348.355,622206.3711,103410.49,333614.5507,875696.0443,2633659.489,39290.88595,407407.852,342311.8768,129877.8815,349382.9416,651664.1399,88883.41202,204708.9066,358326.0489,411206.0529,48767.32894,82895.72904,127824.9235,51372.7969,456879.4281,125888.5225,58454.54608
F08MU_2,F08,5747.823231,2045726.69,514169.9372,71404.7714,300170.4898,661305.6869,1988419.205,20282.16104,50043.9593,757047.1923,62001.39634,290636.6552,437858.8799,69915.50812,150724.85,273636.9451,193420.0594,43837.4403,78397.97053,4276.330113,52873.64979,440593.3977,97784.35538,58375.71249
F09AB_1,F09,32288.34763,794585.7188,179431.943,28872.87667,132591.269,277420.3797,3913748.89,28704.98964,98907.20172,732684.8009,84456.92562,75829.06098,38894.11064,39702.11868,94841.69987,63993.77484,134846.5411,5852.602697,11809.47608,16232.64703,22221.00317,316224.7218,112481.7645,22943.35838
F09AB_2,F09,35581.91605,2312552.1,514602.859,39477.14705,322507.9856,705382.3392,2114456.74,28790.55956,60787.60705,748074.3298,85794.20929,26332.60379,114181.4831,41010.73597,186709.1846,218629.2431,564703.6457,16999.00966,59646.06405,89318.16929,68065.74671,582669.8868,249487.7165,65198.23275
F09AC_1,F09,38250.13832,576494.0333,135338.2642,28658.9946,69767.52553,177463.7255,4034657.005,10904.09998,37815.33507,694345.7017,44220.23104,5965.199316,33706.41458,29699.41345,31532.5878,112221.8046,1.017192041,7662.510184,27238.8242,36912.33501,26323.7389,364539.1931,136574.2517,24150.03966
F09AC_2,F09,43007.15014,958423.2767,211224.7008,25676.60344,127758.4789,284818.2478,3879187.19,20937.61526,118843.3638,732532.2216,74442.91842,347770.1916,67467.06554,28383.49732,87811.89793,69153.08087,51548.64171,10776.08322,32794.68558,45990.46274,36575.88634,391417.5259,150530.6909,23148.00174
F09AN_1,F09,46515.67239,826167.5,184577.1409,40440.64215,83348.85001,236188.213,3970396.101,21755.77283,57820.73644,838692.4591,27809.08388,83047.38261,52769.13071,46771.70066,41770.06836,56632.80653,1.023773124,12123.93097,41385.0096,60104.74503,43697.16446,496591.2774,192697.4777,56952.2249
F09AN_2,F09,46296.59123,2039443.622,575199.3546,32296.68601,261030.2531,611647.2561,1834152.811,24806.53781,173540.9665,720094.8012,66027.77941,24622.29005,123108.8268,31470.74441,136618.6313,147992.7107,202494.2636,15136.20567,49156.61274,78368.49025,48908.09964,460789.2367,209987.2101,50441.75524
F09AU_1,F09,4463.003381,861539.0857,204795.4593,114296.1738,144512.5089,331202.4579,4143991.038,47591.15961,127716.2921,740865.0056,3988.059984,43243.18764,399012.7778,166234.8398,109409.5938,164264.2588,10699.84391,17477.54619,57014.5792,131841.6008,45201.94307,335984.3203,63592.13155,79036.19792
F09AU_2,F09,3671.406783,1458607.931,344456.5803,123444.7392,202552.1888,501452.7272,3239429.035,28937.44415,172443.5246,354301.6642,106679.8531,71171.61722,464015.7904,152177.4145,126256.7614,236614.4521,365882.6321,55306.41943,108162.1299,212763.4971,45501.8196,469094.1457,129130.1774,114864.2234
F09MB_1,F09,54143.61358,2277232.522,542202.3898,35412.58928,293152.8644,689590.5072,1772201.269,25989.87705,73578.11895,620704.8388,113026.6869,133824.3885,293614.4445,21431.15916,115424.2699,237912.1719,342433.5697,44910.87038,69061.89939,108431.0186,69288.39727,913055.4477,232008.6111,57243.01322
F09MB_2,F09,48030.61135,1651306.996,442929.592,55269.72839,252174.0606,536881.6239,2420676.982,88190.49257,61159.09659,776278.0925,82867.4291,127353.2736,148574.5368,33450.46746,160205.759,164840.2625,494140.5692,18708.46206,49554.90956,57022.39835,48448.57426,502720.6019,197901.1177,30954.64458
F09MC_1,F09,49540.89133,1982175.318,466937.657,76370.53396,268534.6647,613908.7034,2057510.435,19311.04084,244695.5107,544693.1417,121457.0799,250063.0848,211643.9133,29917.32703,150445.1106,199749.0526,426775.0888,36936.53454,65316.56012,87468.97445,72252.34274,917202.5091,261854.8064,60417.02128
F09MC_2,F09,57383.76665,1658216.321,425513.1608,38507.57271,248187.9604,552535.9612,2013597.614,16537.31116,219002.4172,358543.3508,113315.4273,130399.6887,101763.1447,35677.08674,166255.5409,172584.2674,362617.5508,12454.57608,46136.87944,55700.53203,48278.9823,454586.2952,164511.4527,20770.21569
F09MN_1,F09,75016.02831,1974143.759,466270.5302,39916.77058,246966.7179,583879.5457,2407663.572,50213.35729,278317.6257,425462.2966,77707.796,247288.9385,260143.727,22861.31496,118708.8152,154570.0554,1.017435664,27093.02928,56233.57729,73029.90938,20948.45017,480080.5821,164048.6516,36888.53595
F09MN_2,F09,53090.31214,2424075.266,398440.3085,28978.96126,313017.634,789429.4862,1809065.096,144608.7787,32769.45696,607090.0763,92084.06352,262091.2875,248428.4688,37819.72172,210677.1856,214657.7961,500658.4924,12229.92983,50779.939,66205.28715,47887.53067,459542.9288,152102.76,21229.51555
F09MU_1,F09,10051.82755,1291771.874,301934.8935,103063.1422,176560.3473,450034.3598,3811227.931,32187.61057,197836.6731,445720.3229,86043.34785,183459.8388,278227.4898,75594.84183,112388.9023,155750.6607,182117.945,22068.65514,34825.70252,11612.0668,27136.67588,189562.8925,63646.30417,49760.33085
F10AB_1,F10,34116.2522,2730030.226,625870.1038,25649.40545,415639.6338,845161.6926,2207431.795,30069.52424,1.107108113,661608.4787,88500.94945,1.063510998,547499.5025,35264.62625,178705.3033,261997.4035,895391.1674,42427.92418,75343.70473,5126.179285,96270.64744,618792.5083,262457.617,45910.22047
F10AB_2,F10,34034.61291,2605025.028,587092.7407,28175.11548,367446.3158,816311.3264,1852070.585,27097.69824,47477.22809,294622.6127,100907.6936,63162.64588,449995.4076,28436.21761,195384.4147,260985.1813,1020340.47,57199.51552,91381.41643,106386.9857,99195.07028,660870.1384,305906.7541,65914.86341
F10AC_2,F10,73668.2667,1790625.025,459458.8229,59388.16038,251279.8972,545634.9998,2142059.621,30831.28002,236943.5615,477627.0256,96587.65984,150160.5784,198028.6546,43808.29358,101796.2358,134899.5252,63908.50778,26191.19364,55695.42199,83742.59422,49692.33655,524695.8283,199293.5848,33675.44541
F10AN_1,F10,23971.70909,2173772.47,517355.0824,55399.92955,315569.698,685704.7597,1603762.893,29713.31531,38491.97565,352809.3137,130175.381,331720.3312,294168.2557,31638.63624,226795.4929,215783.4172,910387.3701,15849.15566,59773.89863,76731.59895,77032.14099,564958.5889,242811.6425,26484.58953
F10AN_2,F10,18949.80616,2370693.077,551011.5173,31063.92745,328024.0715,737243.4185,1745589.635,33258.33086,468286.3248,315733.8592,157211.2611,379283.9922,440360.9997,36399.32901,179423.4519,235519.3532,909068.8997,45760.76709,77906.72512,95019.79615,83787.86268,694410.0737,266745.3755,35700.48531
F10AU_1,F10,8690.006695,2547182.633,570848.9355,39842.74033,364328.849,803013.5537,1734224.725,32080.7397,61643.91577,442767.0769,114649.3677,534204.7069,491058.7145,41872.61776,160339.9825,310366.3667,754656.4521,39681.11295,71543.51069,127344.5555,68854.77055,548474.3669,181512.0441,73924.56709
F10AU_2,F10,10682.72396,3492629.667,840658.5402,52396.70379,461341.014,2766369.759,1465933.059,35753.67562,15931.3466,521225.1439,118903.1872,74398.51046,734587.8381,45679.98211,227002.8003,375145.6463,943651.2452,59530.56188,95915.70842,174114.5098,78902.49998,773332.9954,240731.3531,95048.10637
F10MB_1,F10,75504.38997,1828960.243,462160.7994,61839.59858,271058.9631,623313.2852,3027514.766,28189.6369,89998.54076,689445.6904,159152.8246,71892.79226,172481.2563,42106.54679,180000.0982,155626.1904,507434.1585,20837.59028,40001.181,74276.39092,24021.03575,529684.005,154557.7628,53988.32181
F10MB_2,F10,61237.43917,2373920.469,532832.5781,58323.04352,280942.5446,701411.9212,1613400.081,26790.68804,259394.1761,775074.0545,139879.101,111133.1062,348229.1555,34323.69487,197946.9357,142965.2436,50170.62088,10363.45015,28786.46156,59084.87275,29754.40834,301158.7827,90150.29241,31005.74219
F10MC_1,F10,32976.4667,1837226.856,435596.1398,42595.66243,258089.979,553913.2389,2527206.469,12576.70143,57185.62885,563456.7001,105708.7122,189674.8407,403451.754,34638.29896,202352.1711,102155.8386,40422.07382,8816.869075,29843.08717,46544.80401,33703.08768,393892.7789,84415.79177,23760.06623
F10MC_2,F10,47621.53822,1539901.589,370508.2804,42332.18439,240907.8926,499926.4389,2961395.65,48063.93742,296067.6113,421461.654,132114.7493,282371.0583,349795.4831,22447.34253,116651.8778,136483.055,193517.2663,24680.59111,41144.97549,55429.38256,45535.88717,520273.5582,172746.1177,29369.91741
F10MN_1,F10,21266.98462,2322779.534,574176.0809,42677.25579,355227.6672,784699.8392,1805175.251,21157.24783,44646.84535,304128.6037,162800.2251,544006.8738,565695.7004,33032.13128,287402.9069,250089.5968,886303.5364,31119.87724,60445.43057,88025.52167,69749.72586,651563.4239,211516.543,41441.46073
F10MN_2,F10,13867.53847,2703946.896,653855.4011,40373.88435,414048.1205,837851.8521,2183835.655,28445.43867,79332.79065,517982.0682,207174.4343,71873.77698,409349.9864,36141.80316,250538.4149,280707.9633,924773.2904,40728.04951,64639.12107,91855.47006,66675.18683,784217.3194,209579.9403,12625.31552
F10MU_1,F10,5818.881223,1910966.447,430487.3581,89182.3273,248571.3437,593929.3359,2435265.122,45621.94805,429546.6706,376913.0428,69562.62796,439970.7283,857199.4602,42236.33922,132694.8301,159922.2072,1.013719405,19676.66074,26260.59656,56244.07355,12282.89261,228518.3969,68243.81409,23745.71449
F10MU_2,F10,15084.55184,1897014.722,449404.7156,72928.07767,286217.4721,599704.8519,2482632.363,27539.4448,43290.41367,562132.5126,102564.7261,41754.05405,738894.859,56619.69148,237246.416,181962.0833,294681.9944,10270.22509,26142.85474,57910.74476,22381.67222,128352.3006,73673.55144,26375.66517
F11AB_1,F11,10292.33039,1046641.537,215111.1604,40269.97339,155803.6267,298439.5744,3798141.813,45085.86998,139365.8412,516711.3216,137632.4891,185535.7312,83139.14964,46301.39521,69299.76089,157624.4487,277046.1452,44948.38105,71403.93164,105213.7085,75974.10763,859558.4146,254359.5673,62888.93349
F11AB_2,F11,20516.50043,2109284.596,504540.0689,48580.05551,290114.8788,620972.9434,1906284.671,35411.30658,248480.6349,595086.0082,162823.4009,33370.3385,143052.6582,41449.33434,143772.0505,240863.6545,385930.2916,56341.90944,93678.27825,130396.9033,86559.1032,1079886.164,265974.888,70569.13893
F11AC_1,F11,47772.38562,1395662.651,357535.9213,34906.82918,195800.1893,417934.7332,3054445.786,24519.22626,193819.1091,697955.6263,89895.54773,352590.9178,132867.8638,37439.75193,156786.0762,133149.3813,286160.9634,16778.60904,57844.60737,70499.88931,81251.41518,817507.4724,230431.8256,52902.89882
F11AC_2,F11,30793.0655,1982830.165,466771.1486,35398.04108,272244.8138,632160.6335,1785698.216,28258.04432,257038.1635,439895.9633,143794.0827,109315.3418,180671.7041,33514.91896,150636.6,230131.899,577241.2075,70520.23332,106250.8247,134190.566,112639.1513,1280543.61,332923.331,11327.17773
F11AN_1,F11,8339.755796,1465188.231,414814.3097,42308.76816,225031.6728,476441.8345,2374347.092,23498.14252,51904.7869,371996.876,98105.09715,128247.5769,187945.732,30146.70063,126081.2377,155050.4406,448371.4519,38767.35173,64535.8219,79721.61128,65778.91855,679906.7485,212992.1801,60168.12424
F11AN_2,F11,12537.05367,2036892.659,572903.262,35266.19833,321778.3783,624274.3091,1835570.366,30797.83893,74698.72294,359116.5221,117352.2199,45354.11659,196736.0874,40226.64792,184877.8136,162648.865,366201.7309,15497.59307,58158.34618,68442.28446,64775.2055,445755.8272,152950.9286,47352.65023
F11AU_1,F11,29567.82189,1066695.651,233422.3613,45315.12243,171014.449,334174.4959,3955201.586,31596.38247,130192.5392,894127.1628,45324.62436,22932.30614,190524.0167,46829.91204,102944.3412,96075.83443,218772.7941,11623.54846,37858.73474,62433.0672,47520.9661,376715.2698,137159.0879,26712.34805
F11AU_2,F11,16135.40304,1898622.807,519848.4051,52836.96993,302851.0587,624638.3954,1985365.256,37505.60211,321141.2611,501062.7559,248003.037,139235.0274,268317.8503,51955.47721,193866.274,239866.0714,555686.7857,40300.68953,84772.33019,119731.2835,69980.34378,637134.9903,221052.7812,56018.75264
F11MB_1,F11,24054.74221,1800532.594,410297.6457,53789.59022,274500.9219,591366.7132,2999107.239,27620.90303,235214.4665,429943.2534,161256.7676,123491.0019,215138.764,35426.09442,129091.242,219386.3207,286081.4384,27844.1225,46135.53846,84621.76521,37090.85521,412491.4826,124130.8717,38710.01766
F11MB_2,F11,6491.680794,1276016.725,286597.5713,44426.04767,212599.1404,430230.4923,3582028.086,34991.7998,195976.1956,515654.2315,145560.0948,149129.7695,152733.6343,33945.93371,124893.805,126231.3706,361543.8083,17154.48421,17694.58316,24030.86056,17427.37153,315708.1152,87159.09719,19700.6445
F11MC_1,F11,18280.86469,1840764.02,465711.9893,60516.21228,301416.9645,591376.6169,1900239.066,25211.51765,258119.8492,673417.527,83372.22242,126816.6703,252115.9736,24800.06123,187721.8387,97611.22081,225547.4215,10922.71727,35446.23753,35354.07858,42173.96614,282219.4776,113650.7294,21321.72745
F11MC_2,F11,48210.36191,1308340.941,298981.1669,27208.5728,202299.1154,394672.6679,3390086.989,264995.1963,239948.7237,688739.9015,74249.72319,311825.5916,204591.0558,29338.29271,132737.7606,97416.00467,151368.6444,10008.28666,28956.20681,45047.51511,61869.04979,504073.9657,152084.6933,36974.59391
F11MN_1,F11,5463.787629,596412.9979,139267.0538,31108.8793,118207.3425,223901.5146,4196636.066,28849.22214,97783.41308,437437.4663,112940.0342,21192.47636,69364.27505,38051.64504,75619.58369,326796.2054,97348.62033,8894.70459,19817.3232,13348.76549,32243.85916,345091.7012,116653.4847,16541.3441
F11MN_2,F11,16037.95793,1619368.557,424625.4253,58982.78076,269514.0438,541318.3451,2074828.816,26478.94664,92205.95526,713762.2388,79242.96444,64705.75477,207749.4804,33186.25215,143940.9402,145274.3834,136371.6464,14186.63196,60562.49781,68377.13732,62868.941,530354.4554,139730.5576,36052.36444
F11MU_1,F11,26859.92897,1704834.626,457890.3842,76748.42523,271660.3947,593131.8905,2529765.601,38936.84687,296497.0963,495856.0456,101163.3798,235081.2385,619551.9848,58868.53938,165343.5536,215424.5752,60101.58259,38500.6159,72289.1178,128293.1638,41266.91433,465891.2164,136909.8002,61299.51106
F11MU_2,F11,21868.95194,1599862.784,390204.131,63436.43086,242485.6212,558789.1973,2483137.574,34663.97467,266401.478,463346.7837,111323.0769,201010.9791,455989.4181,57051.57701,114124.4647,183497.229,307268.9999,32768.86693,53475.67488,102723.4565,18017.32139,435339.1127,131354.4352,50682.54141
F12AB_1,F12,64518.33062,1734614.172,459761.24,49020.43859,273329.6169,595003.914,2069664.71,50178.49638,218599.7816,624996.6814,156012.2874,35198.24782,120259.863,45521.79411,112587.102,275485.6891,648596.9744,39737.14172,81399.47248,149530.5207,65220.84191,915777.1732,214287.1159,73428.64013
F12AB_2,F12,51486.53662,1865329.512,454178.5962,37732.58817,286876.4942,641735.8863,2380781.088,47466.77036,204980.7541,1008477.678,126619.3752,24417.31942,108530.7056,42636.96011,155538.3005,267691.2125,608596.5158,22345.42686,76919.47451,155464.8825,71165.09162,865525.7906,202548.7063,71411.88009
F12AC_1,F12,34718.55348,1680913.354,393230.6798,49226.84901,301731.5552,627275.399,3086270.446,43058.4869,42222.69392,573342.1932,18915.94155,22268.47739,221108.7792,42603.9553,118164.3444,208556.098,367666.907,12629.72885,67758.51361,117025.6684,57954.95659,510133.4003,174342.4058,72058.87704
F12AC_2,F12,57186.18826,1911410.983,495063.7968,45103.25666,294148.2082,648306.5104,1983147.626,45406.78963,233620.3376,569650.7894,127458.2044,63888.89829,158511.2171,40700.01041,136381.115,227810.9404,576443.9328,39943.91011,70040.97185,14957.88056,57811.22457,763976.5917,200578.7361,71562.80591
F12AN_1,F12,38370.63539,1642856.817,382242.489,39361.6095,252105.9464,526076.6628,3754043.553,59164.62512,209955.7018,517646.1868,200452.3081,111879.7782,61756.81381,40488.95071,106457.9994,221850.1286,539309.1409,46472.83715,79068.97092,152122.347,79355.36525,857982.0997,279220.7347,81493.72274
F12AN_2,F12,48308.4229,1295250.407,323154.2773,30528.54326,205660.9617,450298.0804,2402133.866,44292.68559,140699.2454,572399.2669,134197.1658,9891.656584,65732.51708,40982.0957,131840.7096,179285.7691,359873.0619,17847.33985,66521.12072,110593.2033,73281.83366,685084.8852,233444.0463,64602.82257
F12AU_1,F12,36724.56092,1063121.078,253777.5269,31723.80431,171993.1327,336933.7533,3847723.949,41304.19867,52151.14145,897628.3396,128747.8996,23655.3317,119541.073,39546.45656,78573.22462,169178.5639,524878.4065,15153.26213,47408.63006,104239.4738,44291.26485,512832.2629,181645.8282,53442.53958
F12AU_2,F12,43819.42145,1258175.314,285570.6377,40442.49704,203651.9967,428398.6753,3780628.411,40454.12123,223708.4163,933484.1111,112782.4739,520712.2765,207794.0729,47317.49843,168195.6839,155284.4797,271665.8171,19804.75126,52441.0372,107288.3979,48284.57787,528068.87,178056.7316,58835.28947
F12MB_1,F12,19960.24743,2364566.253,571493.9735,71318.26405,309105.7994,780158.0249,2985988.301,51784.24157,332650.077,433779.951,253672.8513,141858.0161,252764.1794,41357.73784,140638.8002,348158.7992,502415.3895,59178.63333,104990.3881,199179.4798,84775.90991,1037613.545,215328.3793,96189.82954
F12MC_1,F12,28007.27336,721860.6603,164895.7998,46146.25841,96281.57928,237701.1245,4290583.411,27222.64286,86272.00999,586678.2524,125889.9828,227703.0809,103833.3784,53735.39225,63551.38707,77866.28805,1.050981836,9335.925723,31717.29889,59375.92677,32959.41166,426517.85,122163.4449,50282.38491
F12MC_2,F12,15098.83121,1551044.915,354289.5517,66418.52538,302595.0802,558466.175,3405058.657,48548.82698,226887.6752,466972.398,157076.7532,74055.40251,161650.3266,45324.86169,102206.4296,239703.0502,475579.3243,27862.83791,53032.96776,107326.8921,48003.39428,642784.1178,166466.4031,58577.99071
F12MN_1,F12,29780.63266,1926475.573,487633.2049,59298.87241,270521.2056,626576.3374,1918061.519,46871.45111,237157.3905,796845.3926,202768.2662,233487.6881,235092.2473,38539.78512,221051.8847,239115.4993,371806.0746,24184.55864,56038.10351,95538.15656,56254.41887,673411.4096,144452.8726,22538.36977
F12MN_2,F12,8763.384872,1727372.665,407740.6463,51511.38974,271151.2139,588193.7089,3584956.231,49730.72161,260509.938,552816.3378,150928.9583,276261.2152,331227.3495,38996.77509,152690.6909,215364.3159,669279.4269,38908.25709,61136.17596,104198.9415,55406.2883,807638.1732,186331.6719,55259.55061
F12MU_1,F12,16203.32556,2063921.492,473546.5668,82037.11782,276393.7747,619975.2073,2077339.74,44943.69811,55366.07584,825934.906,176313.2094,496197.5538,515292.8994,55495.26602,226777.7732,279509.3256,110568.6722,12553.77483,34074.5686,102930.8729,31620.79765,182697.6799,54484.89691,23460.75278
F12MU_2,F12,9161.862556,1970790.671,462566.0884,79617.16562,253492.1048,604733.7848,2292069.306,42266.94586,313431.84,867481.4466,152737.5646,451971.5605,672636.9977,47500.42088,212880.405,241241.2287,1.013522589,21261.99333,38733.87977,110385.5857,38980.29687,234779.9066,74390.00184,42147.35171
